quantum_eigenvalue0,c_value0,quantum_eigenvalue1,c_value1,number_of_terms
-2.692889348726911,1.394731658304744e-15,-5.190655357899106,-2.999248384536087,4
,1.394731658304744e-15,-6.645779428805773,-2.999248384536087,4
-8.429369702178807e-08,1.394731658304744e-15,-5.9330114613069815,-2.999248384536087,4
-6.523672304459194,1.394731658304744e-15,-7.889838422678118,-2.999248384536087,4
,1.394731658304744e-15,,-2.999248384536087,4
-3.9511254422897832,1.394731658304744e-15,-4.1952726371476645,-2.999248384536087,4
-2.692889348726899,1.394731658304744e-15,-5.190655357899112,-2.999248384536087,4
-7.425845103420891,1.394731658304744e-15,-9.335452613558973,-2.999248384536087,4
,1.394731658304744e-15,,-2.999248384536087,4
,1.394731658304744e-15,-6.645779428805772,-2.999248384536087,4
-7.015803757903158,1.394731658304744e-15,-7.317555124493429,-2.999248384536087,4
,1.394731658304744e-15,,-2.999248384536087,4
-6.523672304459209,1.394731658304744e-15,-7.889838422678103,-2.999248384536087,4
,1.394731658304744e-15,,-2.999248384536087,4
,1.394731658304744e-15,,-2.999248384536087,4
-3.384083390526633,1.394731658304744e-15,-3.384083390526635,-2.999248384536087,4
-1.6675996428009625,1.394731658304744e-15,-4.563091027291744,-2.999248384536087,4
-6.946509857166104,1.394731658304744e-15,-7.3133271112374105,-2.999248384536087,4
,1.394731658304744e-15,,-2.999248384536087,4
,1.394731658304744e-15,-6.273744577185234,-2.999248384536087,4
-5.051782258300541,1.394731658304744e-15,-8.543458052802753,-2.999248384536087,4
,1.394731658304744e-15,,-2.999248384536087,4
-4.938436243536523,1.394731658304744e-15,-8.903933261849795,-2.999248384536087,4
,1.394731658304744e-15,,-2.999248384536087,4
,1.394731658304744e-15,,-2.999248384536087,4
-2.8917999217566113,1.394731658304744e-15,-3.832144392254857,-2.999248384536087,4
-6.6634863499498485,1.394731658304744e-15,-7.772116850380465,-2.999248384536087,4
,1.394731658304744e-15,,-2.999248384536087,4
-6.620590232862567,1.394731658304744e-15,-7.735371033859658,-2.999248384536087,4
,1.394731658304744e-15,,-2.999248384536087,4
,1.394731658304744e-15,,-2.999248384536087,4
-4.995797017090254,1.394731658304744e-15,-8.935875045902218,-2.999248384536087,4
,1.394731658304744e-15,,-2.999248384536087,4
,1.394731658304744e-15,,-2.999248384536087,4
,1.394731658304744e-15,,-2.999248384536087,4
,1.394731658304744e-15,-8.339822602698858,-2.999248384536087,4
,1.394731658304744e-15,-8.424468327790628,-2.999248384536087,4
-4.429370315750639,1.394731658304744e-15,-5.968506630142327,-2.999248384536087,4
,1.394731658304744e-15,,-2.999248384536087,4
,1.394731658304744e-15,-8.763677336244157,-2.999248384536087,4
-3.820613887278966,1.394731658304744e-15,-5.361806261920456,-2.999248384536087,4
,1.394731658304744e-15,,-2.999248384536087,4
-4.078287030448373,1.394731658304744e-15,-5.06588672460747,-2.999248384536087,4
,1.394731658304744e-15,,-2.999248384536087,4
,1.394731658304744e-15,,-2.999248384536087,4
,1.394731658304744e-15,-8.212245340551897,-2.999248384536087,4
-4.464134176831395,1.394731658304744e-15,-5.994351003132364,-2.999248384536087,4
,1.394731658304744e-15,,-2.999248384536087,4
-5.058070992054093,1.394731658304744e-15,-5.338988160685064,-2.999248384536087,4
,1.394731658304744e-15,,-2.999248384536087,4
,1.394731658304744e-15,,-2.999248384536087,4
-4.610042510038275,1.394731658304744e-15,-4.610042510038274,-2.999248384536087,4
,1.394731658304744e-15,,-2.999248384536087,4
,1.394731658304744e-15,,-2.999248384536087,4
,1.394731658304744e-15,,-2.999248384536087,4
,1.394731658304744e-15,-7.172709302771784,-2.999248384536087,4
-3.820613887278981,1.394731658304744e-15,-5.361806261920449,-2.999248384536087,4
,1.394731658304744e-15,,-2.999248384536087,4
-4.5801431526441725,1.394731658304744e-15,-4.580143152644177,-2.999248384536087,4
,1.394731658304744e-15,,-2.999248384536087,4
,1.394731658304744e-15,,-2.999248384536087,4
-2.2510088035300613,1.394731658304744e-15,-5.342020919090457,-2.999248384536087,4
,1.394731658304744e-15,,-2.999248384536087,4
,1.394731658304744e-15,,-2.999248384536087,4
,1.394731658304744e-15,,-2.999248384536087,4
-4.205103410409898,1.394731658304744e-15,-5.004937038729511,-2.999248384536087,4
,1.394731658304744e-15,,-2.999248384536087,4
,1.394731658304744e-15,,-2.999248384536087,4
,1.394731658304744e-15,,-2.999248384536087,4
,1.394731658304744e-15,,-2.999248384536087,4
,1.394731658304744e-15,-8.212245340551883,-2.999248384536087,4
,1.394731658304744e-15,-8.424468327790605,-2.999248384536087,4
-5.0580709920540805,1.394731658304744e-15,-5.33898816068508,-2.999248384536087,4
,1.394731658304744e-15,,-2.999248384536087,4
,1.394731658304744e-15,-8.763677336244163,-2.999248384536087,4
-4.61004251003827,1.394731658304744e-15,-4.610042510038279,-2.999248384536087,4
,1.394731658304744e-15,,-2.999248384536087,4
-4.078287030448367,1.394731658304744e-15,-5.065886724607466,-2.999248384536087,4
,1.394731658304744e-15,,-2.999248384536087,4
,1.394731658304744e-15,,-2.999248384536087,4
,1.394731658304744e-15,-8.33982260269886,-2.999248384536087,4
-4.464134176831378,1.394731658304744e-15,-5.994351003132367,-2.999248384536087,4
,1.394731658304744e-15,,-2.999248384536087,4
-4.429370315750641,1.394731658304744e-15,-5.968506630142331,-2.999248384536087,4
,1.394731658304744e-15,,-2.999248384536087,4
,1.394731658304744e-15,,-2.999248384536087,4
-3.820613887278969,1.394731658304744e-15,-5.361806261920463,-2.999248384536087,4
,1.394731658304744e-15,,-2.999248384536087,4
,1.394731658304744e-15,,-2.999248384536087,4
,1.394731658304744e-15,,-2.999248384536087,4
,1.394731658304744e-15,-8.02304783232414,-2.999248384536087,4
-0.8316055460982891,1.394731658304744e-15,-7.398256041284703,-2.999248384536087,4
,1.394731658304744e-15,,-2.999248384536087,4
-0.6978071633985427,1.394731658304744e-15,-7.3562835357422465,-2.999248384536087,4
,1.394731658304744e-15,,-2.999248384536087,4
,1.394731658304744e-15,,-2.999248384536087,4
,1.394731658304744e-15,-7.0168910527526815,-2.999248384536087,4
,1.394731658304744e-15,,-2.999248384536087,4
,1.394731658304744e-15,,-2.999248384536087,4
,1.394731658304744e-15,,-2.999248384536087,4
-3.015480890339052,1.394731658304744e-15,-6.926849933411293,-2.999248384536087,4
,1.394731658304744e-15,,-2.999248384536087,4
,1.394731658304744e-15,,-2.999248384536087,4
,1.394731658304744e-15,,-2.999248384536087,4
,1.394731658304744e-15,,-2.999248384536087,4
-4.195272637147676,1.394731658304744e-15,-4.195272637147769,-2.999248384536087,4
,1.394731658304744e-15,-8.96580905154431,-2.999248384536087,4
,1.394731658304744e-15,,-2.999248384536087,4
,1.394731658304744e-15,-8.434863691844702,-2.999248384536087,4
,1.394731658304744e-15,,-2.999248384536087,4
,1.394731658304744e-15,,-2.999248384536087,4
,1.394731658304744e-15,-7.317555124493441,-2.999248384536087,4
,1.394731658304744e-15,,-2.999248384536087,4
,1.394731658304744e-15,,-2.999248384536087,4
,1.394731658304744e-15,,-2.999248384536087,4
,1.394731658304744e-15,-8.96580905154433,-2.999248384536087,4
,1.394731658304744e-15,,-2.999248384536087,4
,1.394731658304744e-15,-0.0,-2.999248384536087,4
,1.394731658304744e-15,,-2.999248384536087,4
,1.394731658304744e-15,,-2.999248384536087,4
,1.394731658304744e-15,-8.616622629905581,-2.999248384536087,4
,1.394731658304744e-15,,-2.999248384536087,4
,1.394731658304744e-15,,-2.999248384536087,4
,1.394731658304744e-15,,-2.999248384536087,4
,1.394731658304744e-15,,-2.999248384536087,4
,1.394731658304744e-15,,-2.999248384536087,4
-2.891799921756601,1.394731658304744e-15,-3.832144392254862,-2.999248384536087,4
-1.6675996428009578,1.394731658304744e-15,-4.5630910272917475,-2.999248384536087,4
-6.620590232862559,1.394731658304744e-15,-7.73537103385966,-2.999248384536087,4
,1.394731658304744e-15,,-2.999248384536087,4
,1.394731658304744e-15,-6.273744577185232,-2.999248384536087,4
-4.995797017090254,1.394731658304744e-15,-8.935875045901664,-2.999248384536087,4
,1.394731658304744e-15,,-2.999248384536087,4
-4.938436243536522,1.394731658304744e-15,-8.903933261849803,-2.999248384536087,4
,1.394731658304744e-15,,-2.999248384536087,4
,1.394731658304744e-15,,-2.999248384536087,4
-3.3840833905266328,1.394731658304744e-15,-3.3840833905266376,-2.999248384536087,4
-6.663486349949851,1.394731658304744e-15,-7.772116850380457,-2.999248384536087,4
,1.394731658304744e-15,,-2.999248384536087,4
-6.94650985716611,1.394731658304744e-15,-7.3133271112374025,-2.999248384536087,4
,1.394731658304744e-15,,-2.999248384536087,4
,1.394731658304744e-15,,-2.999248384536087,4
-5.051782258300539,1.394731658304744e-15,-8.543458052802745,-2.999248384536087,4
,1.394731658304744e-15,,-2.999248384536087,4
,1.394731658304744e-15,,-2.999248384536087,4
,1.394731658304744e-15,,-2.999248384536087,4
,1.394731658304744e-15,-4.195272637147695,-2.999248384536087,4
-4.995797017090256,1.394731658304744e-15,-8.935875045901657,-2.999248384536087,4
,1.394731658304744e-15,,-2.999248384536087,4
-5.022418732950479,1.394731658304744e-15,-8.434863691844717,-2.999248384536087,4
,1.394731658304744e-15,,-2.999248384536087,4
,1.394731658304744e-15,,-2.999248384536087,4
-7.317555124493427,1.394731658304744e-15,-7.317555124493427,-2.999248384536087,4
,1.394731658304744e-15,,-2.999248384536087,4
,1.394731658304744e-15,,-2.999248384536087,4
,1.394731658304744e-15,,-2.999248384536087,4
-4.995797017090293,1.394731658304744e-15,-8.935875045901668,-2.999248384536087,4
,1.394731658304744e-15,,-2.999248384536087,4
,1.394731658304744e-15,-2.0173635946501008e-07,-2.999248384536087,4
,1.394731658304744e-15,,-2.999248384536087,4
,1.394731658304744e-15,,-2.999248384536087,4
,1.394731658304744e-15,-8.023047832324156,-2.999248384536087,4
-3.015480890339053,1.394731658304744e-15,-6.926849933411292,-2.999248384536087,4
,1.394731658304744e-15,,-2.999248384536087,4
-0.6978071633985529,1.394731658304744e-15,-7.356283535742255,-2.999248384536087,4
,1.394731658304744e-15,,-2.999248384536087,4
,1.394731658304744e-15,,-2.999248384536087,4
,1.394731658304744e-15,-7.0168910527526815,-2.999248384536087,4
,1.394731658304744e-15,,-2.999248384536087,4
,1.394731658304744e-15,,-2.999248384536087,4
,1.394731658304744e-15,,-2.999248384536087,4
-0.8316055460982784,1.394731658304744e-15,-7.398256041284708,-2.999248384536087,4
,1.394731658304744e-15,,-2.999248384536087,4
,1.394731658304744e-15,,-2.999248384536087,4
,1.394731658304744e-15,,-2.999248384536087,4
,1.394731658304744e-15,,-2.999248384536087,4
,1.394731658304744e-15,-7.016891052752674,-2.999248384536087,4
,1.394731658304744e-15,,-2.999248384536087,4
,1.394731658304744e-15,,-2.999248384536087,4
,1.394731658304744e-15,,-2.999248384536087,4
,1.394731658304744e-15,,-2.999248384536087,4
,1.394731658304744e-15,,-2.999248384536087,4
,1.394731658304744e-15,-7.172709302771772,-2.999248384536087,4
-4.205103410409921,1.394731658304744e-15,-5.004937038729509,-2.999248384536087,4
,1.394731658304744e-15,,-2.999248384536087,4
-4.580143152644172,1.394731658304744e-15,-4.580143152644178,-2.999248384536087,4
,1.394731658304744e-15,,-2.999248384536087,4
,1.394731658304744e-15,,-2.999248384536087,4
-2.251008803530051,1.394731658304744e-15,-5.342020919090451,-2.999248384536087,4
,1.394731658304744e-15,,-2.999248384536087,4
,1.394731658304744e-15,,-2.999248384536087,4
,1.394731658304744e-15,,-2.999248384536087,4
-3.8206138872789728,1.394731658304744e-15,-5.36180626192045,-2.999248384536087,4
,1.394731658304744e-15,,-2.999248384536087,4
,1.394731658304744e-15,,-2.999248384536087,4
,1.394731658304744e-15,,-2.999248384536087,4
,1.394731658304744e-15,,-2.999248384536087,4
,1.394731658304744e-15,-7.016891052752693,-2.999248384536087,4
,1.394731658304744e-15,,-2.999248384536087,4
,1.394731658304744e-15,,-2.999248384536087,4
,1.394731658304744e-15,,-2.999248384536087,4
,1.394731658304744e-15,,-2.999248384536087,4
,1.394731658304744e-15,,-2.999248384536087,4
,1.394731658304744e-15,-8.616622629905558,-2.999248384536087,4
,1.394731658304744e-15,,-2.999248384536087,4
,1.394731658304744e-15,,-2.999248384536087,4
,1.394731658304744e-15,,-2.999248384536087,4
,1.394731658304744e-15,,-2.999248384536087,4
,1.394731658304744e-15,,-2.999248384536087,4
,1.394731658304744e-15,,-2.999248384536087,4
,1.394731658304744e-15,-5.858392204038405,-2.999248384536087,5
-2.401201212041491,1.394731658304744e-15,-5.238887047837545,-2.999248384536087,5
,1.394731658304744e-15,-6.4532673432958925,-2.999248384536087,5
,1.394731658304744e-15,-5.858392204038431,-2.999248384536087,5
-6.275020109083945,1.394731658304744e-15,-7.961924264899787,-2.999248384536087,5
,1.394731658304744e-15,,-2.999248384536087,5
-1.5197519905706451,1.394731658304744e-15,-4.5137245787834095,-2.999248384536087,5
,1.394731658304744e-15,-6.2127173914577485,-2.999248384536087,5
,1.394731658304744e-15,-5.497892875335952,-2.999248384536087,5
-4.874189911592599,1.394731658304744e-15,-8.561351055712983,-2.999248384536087,5
,1.394731658304744e-15,,-2.999248384536087,5
-2.792491985644527,1.394731658304744e-15,-3.786989970973943,-2.999248384536087,5
-1.3556743839670975,1.394731658304744e-15,-4.581601680256694,-2.999248384536087,5
-6.344456178090112,1.394731658304744e-15,-7.841340984548506,-2.999248384536087,5
,1.394731658304744e-15,,-2.999248384536087,5
,1.394731658304744e-15,-6.23682274030922,-2.999248384536087,5
-4.933909911441046,1.394731658304744e-15,-8.557972140231973,-2.999248384536087,5
,1.394731658304744e-15,,-2.999248384536087,5
-4.821355086222436,1.394731658304744e-15,-8.967871274472405,-2.999248384536087,5
,1.394731658304744e-15,,-2.999248384536087,5
,1.394731658304744e-15,,-2.999248384536087,5
,1.394731658304744e-15,-8.394559675792049,-2.999248384536087,5
,1.394731658304744e-15,-8.665689215560668,-2.999248384536087,5
,1.394731658304744e-15,-8.539886105414173,-2.999248384536087,5
-3.5506451542748922,1.394731658304744e-15,-5.4282021744469775,-2.999248384536087,5
,1.394731658304744e-15,,-2.999248384536087,5
,1.394731658304744e-15,-8.1899762713905,-2.999248384536087,5
,1.394731658304744e-15,-8.26078311295273,-2.999248384536087,5
-4.1931142556170435,1.394731658304744e-15,-6.042074939946996,-2.999248384536087,5
,1.394731658304744e-15,,-2.999248384536087,5
,1.394731658304744e-15,-8.482912900171497,-2.999248384536087,5
-3.7475424125497874,1.394731658304744e-15,-5.313348106313681,-2.999248384536087,5
,1.394731658304744e-15,,-2.999248384536087,5
-3.9954548278390836,1.394731658304744e-15,-5.028835142888022,-2.999248384536087,5
,1.394731658304744e-15,,-2.999248384536087,5
,1.394731658304744e-15,,-2.999248384536087,5
,1.394731658304744e-15,-7.159460422771736,-2.999248384536087,5
,1.394731658304744e-15,-7.195446236033089,-2.999248384536087,5
-3.709711140878067,1.394731658304744e-15,-5.288419055370044,-2.999248384536087,5
,1.394731658304744e-15,,-2.999248384536087,5
,1.394731658304744e-15,-7.487986738331802,-2.999248384536087,5
,1.394731658304744e-15,-6.044754957812603,-2.999248384536087,5
,1.394731658304744e-15,,-2.999248384536087,5
-1.954448172563733,1.394731658304744e-15,-5.339404495663051,-2.999248384536087,5
,1.394731658304744e-15,,-2.999248384536087,5
,1.394731658304744e-15,,-2.999248384536087,5
,1.394731658304744e-15,-7.660525790349433,-2.999248384536087,5
-3.640139687479039,1.394731658304744e-15,-5.408730622277279,-2.999248384536087,5
,1.394731658304744e-15,,-2.999248384536087,5
-4.087587520064436,1.394731658304744e-15,-4.942810755317818,-2.999248384536087,5
,1.394731658304744e-15,,-2.999248384536087,5
,1.394731658304744e-15,,-2.999248384536087,5
-2.05836137638903,1.394731658304744e-15,-5.340856000846134,-2.999248384536087,5
,1.394731658304744e-15,,-2.999248384536087,5
,1.394731658304744e-15,,-2.999248384536087,5
,1.394731658304744e-15,,-2.999248384536087,5
,1.394731658304744e-15,-8.260783112952728,-2.999248384536087,5
,1.394731658304744e-15,-8.482912900171485,-2.999248384536087,5
,1.394731658304744e-15,-8.539886105414162,-2.999248384536087,5
-3.9954548278390853,1.394731658304744e-15,-5.028835142888014,-2.999248384536087,5
,1.394731658304744e-15,,-2.999248384536087,5
,1.394731658304744e-15,-8.1899762713905,-2.999248384536087,5
,1.394731658304744e-15,-8.39455967579204,-2.999248384536087,5
-4.193114255617055,1.394731658304744e-15,-6.042074939947008,-2.999248384536087,5
,1.394731658304744e-15,,-2.999248384536087,5
,1.394731658304744e-15,-8.665689215560665,-2.999248384536087,5
-3.7475424125497905,1.394731658304744e-15,-5.313348106313676,-2.999248384536087,5
,1.394731658304744e-15,,-2.999248384536087,5
-3.550645154274899,1.394731658304744e-15,-5.428202174446975,-2.999248384536087,5
,1.394731658304744e-15,,-2.999248384536087,5
,1.394731658304744e-15,,-2.999248384536087,5
,1.394731658304744e-15,-7.908453228786984,-2.999248384536087,5
,1.394731658304744e-15,-8.041528205064806,-2.999248384536087,5
-1.0343984958422558,1.394731658304744e-15,-7.089985354220131,-2.999248384536087,5
,1.394731658304744e-15,,-2.999248384536087,5
,1.394731658304744e-15,-8.43301022610316,-2.999248384536087,5
,1.394731658304744e-15,-6.945798146945962,-2.999248384536087,5
,1.394731658304744e-15,,-2.999248384536087,5
,1.394731658304744e-15,-6.9587102827114045,-2.999248384536087,5
,1.394731658304744e-15,,-2.999248384536087,5
,1.394731658304744e-15,,-2.999248384536087,5
,1.394731658304744e-15,-7.7985812676070525,-2.999248384536087,5
-2.9484644790638743,1.394731658304744e-15,-6.836103967349049,-2.999248384536087,5
,1.394731658304744e-15,,-2.999248384536087,5
-2.9135562183164305,1.394731658304744e-15,-6.790657733845263,-2.999248384536087,5
,1.394731658304744e-15,,-2.999248384536087,5
,1.394731658304744e-15,,-2.999248384536087,5
-1.1415029086118897,1.394731658304744e-15,-6.484059529004118,-2.999248384536087,5
,1.394731658304744e-15,,-2.999248384536087,5
,1.394731658304744e-15,,-2.999248384536087,5
,1.394731658304744e-15,,-2.999248384536087,5
-3.871125228330414,1.394731658304744e-15,-4.162245412413258,-2.999248384536087,5
-2.7847239540033426,1.394731658304744e-15,-5.238887047837561,-2.999248384536087,5
,1.394731658304744e-15,-8.440492081364878,-2.999248384536087,5
,1.394731658304744e-15,,-2.999248384536087,5
,1.394731658304744e-15,-5.995279487883626,-2.999248384536087,5
,1.394731658304744e-15,-7.317096798835403,-2.999248384536087,5
,1.394731658304744e-15,,-2.999248384536087,5
,1.394731658304744e-15,-7.961924264899787,-2.999248384536087,5
,1.394731658304744e-15,,-2.999248384536087,5
,1.394731658304744e-15,,-2.999248384536087,5
-3.871125228330412,1.394731658304744e-15,-4.162245412413256,-2.999248384536087,5
,1.394731658304744e-15,-8.99958612937284,-2.999248384536087,5
,1.394731658304744e-15,,-2.999248384536087,5
,1.394731658304744e-15,-8.440492081364882,-2.999248384536087,5
,1.394731658304744e-15,,-2.999248384536087,5
,1.394731658304744e-15,,-2.999248384536087,5
,1.394731658304744e-15,-7.3170967988354,-2.999248384536087,5
,1.394731658304744e-15,,-2.999248384536087,5
,1.394731658304744e-15,,-2.999248384536087,5
,1.394731658304744e-15,,-2.999248384536087,5
,1.394731658304744e-15,-3.793880647697612,-2.999248384536087,5
,1.394731658304744e-15,-8.58532788799356,-2.999248384536087,5
,1.394731658304744e-15,,-2.999248384536087,5
,1.394731658304744e-15,-8.310073292685727,-2.999248384536087,5
,1.394731658304744e-15,,-2.999248384536087,5
,1.394731658304744e-15,,-2.999248384536087,5
,1.394731658304744e-15,-7.491274866722383,-2.999248384536087,5
,1.394731658304744e-15,,-2.999248384536087,5
,1.394731658304744e-15,,-2.999248384536087,5
,1.394731658304744e-15,,-2.999248384536087,5
,1.394731658304744e-15,-8.37485866700096,-2.999248384536087,5
,1.394731658304744e-15,,-2.999248384536087,5
,1.394731658304744e-15,,-2.999248384536087,5
,1.394731658304744e-15,,-2.999248384536087,5
,1.394731658304744e-15,,-2.999248384536087,5
-1.3556743839671124,1.394731658304744e-15,-4.581601680256688,-2.999248384536087,5
,1.394731658304744e-15,-6.236822740309224,-2.999248384536087,5
,1.394731658304744e-15,-5.497892875335955,-2.999248384536087,5
-4.821355086222438,1.394731658304744e-15,-8.967871274472419,-2.999248384536087,5
,1.394731658304744e-15,,-2.999248384536087,5
-2.7924919856445216,1.394731658304744e-15,-3.78698997097395,-2.999248384536087,5
-1.5197519905706434,1.394731658304744e-15,-4.513724578783445,-2.999248384536087,5
-6.344456178090113,1.394731658304744e-15,-7.841340984548503,-2.999248384536087,5
,1.394731658304744e-15,,-2.999248384536087,5
,1.394731658304744e-15,-6.2127173914577485,-2.999248384536087,5
-4.933909911441051,1.394731658304744e-15,-8.557972140231971,-2.999248384536087,5
,1.394731658304744e-15,,-2.999248384536087,5
-4.874189911592604,1.394731658304744e-15,-8.561351055712965,-2.999248384536087,5
,1.394731658304744e-15,,-2.999248384536087,5
,1.394731658304744e-15,,-2.999248384536087,5
,1.394731658304744e-15,-4.1940451213795304,-2.999248384536087,5
,1.394731658304744e-15,-5.238887047837546,-2.999248384536087,5
-4.902069978330685,1.394731658304744e-15,-8.45501093935896,-2.999248384536087,5
,1.394731658304744e-15,,-2.999248384536087,5
,1.394731658304744e-15,-4.9581541620701355,-2.999248384536087,5
-6.748684168043431,1.394731658304744e-15,-7.2778047160721,-2.999248384536087,5
,1.394731658304744e-15,,-2.999248384536087,5
-6.6106722804871385,1.394731658304744e-15,-7.25745323299374,-2.999248384536087,5
,1.394731658304744e-15,,-2.999248384536087,5
,1.394731658304744e-15,,-2.999248384536087,5
,1.394731658304744e-15,-4.194045121379585,-2.999248384536087,5
-4.8800922298595735,1.394731658304744e-15,-8.99958612937284,-2.999248384536087,5
,1.394731658304744e-15,,-2.999248384536087,5
-4.902069978330686,1.394731658304744e-15,-8.455010939358916,-2.999248384536087,5
,1.394731658304744e-15,,-2.999248384536087,5
,1.394731658304744e-15,,-2.999248384536087,5
-6.748684168043432,1.394731658304744e-15,-7.277804716072034,-2.999248384536087,5
,1.394731658304744e-15,,-2.999248384536087,5
,1.394731658304744e-15,,-2.999248384536087,5
,1.394731658304744e-15,,-2.999248384536087,5
,1.394731658304744e-15,-7.798581267607045,-2.999248384536087,5
,1.394731658304744e-15,-8.041528205064825,-2.999248384536087,5
-2.913556218316429,1.394731658304744e-15,-6.790657733845263,-2.999248384536087,5
,1.394731658304744e-15,,-2.999248384536087,5
,1.394731658304744e-15,-8.433010226103194,-2.999248384536087,5
-1.141502908611882,1.394731658304744e-15,-6.4840595290041225,-2.999248384536087,5
,1.394731658304744e-15,,-2.999248384536087,5
,1.394731658304744e-15,-6.958710282711394,-2.999248384536087,5
,1.394731658304744e-15,,-2.999248384536087,5
,1.394731658304744e-15,,-2.999248384536087,5
,1.394731658304744e-15,-7.908453228786961,-2.999248384536087,5
-2.948464479063881,1.394731658304744e-15,-6.836103967349056,-2.999248384536087,5
,1.394731658304744e-15,,-2.999248384536087,5
-1.0343984958422319,1.394731658304744e-15,-7.089985354220148,-2.999248384536087,5
,1.394731658304744e-15,,-2.999248384536087,5
,1.394731658304744e-15,,-2.999248384536087,5
,1.394731658304744e-15,-6.94579814694596,-2.999248384536087,5
,1.394731658304744e-15,,-2.999248384536087,5
,1.394731658304744e-15,,-2.999248384536087,5
,1.394731658304744e-15,,-2.999248384536087,5
,1.394731658304744e-15,-7.170612196967769,-2.999248384536087,5
-1.1415029086118866,1.394731658304744e-15,-6.484059529004105,-2.999248384536087,5
,1.394731658304744e-15,,-2.999248384536087,5
,1.394731658304744e-15,-6.909811655318435,-2.999248384536087,5
,1.394731658304744e-15,,-2.999248384536087,5
,1.394731658304744e-15,,-2.999248384536087,5
-1.0446291207888525,1.394731658304744e-15,-5.7020152694963695,-2.999248384536087,5
,1.394731658304744e-15,,-2.999248384536087,5
,1.394731658304744e-15,,-2.999248384536087,5
,1.394731658304744e-15,,-2.999248384536087,5
,1.394731658304744e-15,-6.978426000493246,-2.999248384536087,5
,1.394731658304744e-15,,-2.999248384536087,5
,1.394731658304744e-15,,-2.999248384536087,5
,1.394731658304744e-15,,-2.999248384536087,5
,1.394731658304744e-15,,-2.999248384536087,5
,1.394731658304744e-15,-7.66052579034942,-2.999248384536087,5
,1.394731658304744e-15,-7.195446236033098,-2.999248384536087,5
-4.087587520064426,1.394731658304744e-15,-4.942810755317812,-2.999248384536087,5
,1.394731658304744e-15,,-2.999248384536087,5
,1.394731658304744e-15,-7.487986738331815,-2.999248384536087,5
-2.058361376389019,1.394731658304744e-15,-5.340856000846138,-2.999248384536087,5
,1.394731658304744e-15,,-2.999248384536087,5
-1.9544481725636775,1.394731658304744e-15,-5.339404495663066,-2.999248384536087,5
,1.394731658304744e-15,,-2.999248384536087,5
,1.394731658304744e-15,,-2.999248384536087,5
,1.394731658304744e-15,-7.159460422771733,-2.999248384536087,5
-3.6401396874790346,1.394731658304744e-15,-5.408730622277278,-2.999248384536087,5
,1.394731658304744e-15,,-2.999248384536087,5
-3.7097111408780754,1.394731658304744e-15,-5.288419055370011,-2.999248384536087,5
,1.394731658304744e-15,,-2.999248384536087,5
,1.394731658304744e-15,,-2.999248384536087,5
,1.394731658304744e-15,-6.044754957812603,-2.999248384536087,5
,1.394731658304744e-15,,-2.999248384536087,5
,1.394731658304744e-15,,-2.999248384536087,5
,1.394731658304744e-15,,-2.999248384536087,5
,1.394731658304744e-15,-7.170612196967785,-2.999248384536087,5
,1.394731658304744e-15,-6.978426000493239,-2.999248384536087,5
,1.394731658304744e-15,,-2.999248384536087,5
,1.394731658304744e-15,-6.9098116553184195,-2.999248384536087,5
,1.394731658304744e-15,,-2.999248384536087,5
,1.394731658304744e-15,,-2.999248384536087,5
-1.0446291207888347,1.394731658304744e-15,-5.702015269496368,-2.999248384536087,5
,1.394731658304744e-15,,-2.999248384536087,5
,1.394731658304744e-15,,-2.999248384536087,5
,1.394731658304744e-15,,-2.999248384536087,5
-1.1415029086118758,1.394731658304744e-15,-6.484059529004108,-2.999248384536087,5
,1.394731658304744e-15,,-2.999248384536087,5
,1.394731658304744e-15,,-2.999248384536087,5
,1.394731658304744e-15,,-2.999248384536087,5
,1.394731658304744e-15,,-2.999248384536087,5
,1.394731658304744e-15,-3.7938806476975597,-2.999248384536087,5
,1.394731658304744e-15,-8.374858667000952,-2.999248384536087,5
,1.394731658304744e-15,,-2.999248384536087,5
,1.394731658304744e-15,-8.310073292685699,-2.999248384536087,5
,1.394731658304744e-15,,-2.999248384536087,5
,1.394731658304744e-15,,-2.999248384536087,5
,1.394731658304744e-15,-7.491274866722386,-2.999248384536087,5
,1.394731658304744e-15,,-2.999248384536087,5
,1.394731658304744e-15,,-2.999248384536087,5
,1.394731658304744e-15,,-2.999248384536087,5
,1.394731658304744e-15,-8.585327887993573,-2.999248384536087,5
,1.394731658304744e-15,,-2.999248384536087,5
,1.394731658304744e-15,,-2.999248384536087,5
,1.394731658304744e-15,,-2.999248384536087,5
,1.394731658304744e-15,,-2.999248384536087,5
,1.394731658304744e-15,-8.999586129372839,-2.999248384536087,5
,1.394731658304744e-15,,-2.999248384536087,5
,1.394731658304744e-15,,-2.999248384536087,5
,1.394731658304744e-15,,-2.999248384536087,5
,1.394731658304744e-15,,-2.999248384536087,5
,1.394731658304744e-15,,-2.999248384536087,5
-1.233099225151858e-07,1.394731658304744e-15,-5.639063255900688,-2.999248384536087,6
,1.394731658304744e-15,-5.429088850395727,-2.999248384536087,6
-0.6668519471268706,1.394731658304744e-15,-4.634642800414136,-2.999248384536087,6
,1.394731658304744e-15,-6.066891083194709,-2.999248384536087,6
,1.394731658304744e-15,-5.465264280258127,-2.999248384536087,6
-4.674581462384971,1.394731658304744e-15,-8.630686331131585,-2.999248384536087,6
,1.394731658304744e-15,,-2.999248384536087,6
,1.394731658304744e-15,-8.434537443616657,-2.999248384536087,6
,1.394731658304744e-15,-8.250466381070742,-2.999248384536087,6
,1.394731658304744e-15,-8.274309111359726,-2.999248384536087,6
,1.394731658304744e-15,-8.234043225395318,-2.999248384536087,6
-3.293845067176171,1.394731658304744e-15,-5.494165729876577,-2.999248384536087,6
,1.394731658304744e-15,,-2.999248384536087,6
,1.394731658304744e-15,-7.183183377274543,-2.999248384536087,6
,1.394731658304744e-15,-7.691388571732147,-2.999248384536087,6
,1.394731658304744e-15,-7.18650302464494,-2.999248384536087,6
,1.394731658304744e-15,-6.01656884808041,-2.999248384536087,6
,1.394731658304744e-15,,-2.999248384536087,6
,1.394731658304744e-15,-7.6410954450071396,-2.999248384536087,6
,1.394731658304744e-15,-7.680885833779431,-2.999248384536087,6
-3.34024053329726,1.394731658304744e-15,-5.455638741257864,-2.999248384536087,6
,1.394731658304744e-15,,-2.999248384536087,6
,1.394731658304744e-15,-7.978304054237533,-2.999248384536087,6
,1.394731658304744e-15,-6.0263208855913515,-2.999248384536087,6
,1.394731658304744e-15,,-2.999248384536087,6
-1.7256494264712494,1.394731658304744e-15,-5.341731223291891,-2.999248384536087,6
,1.394731658304744e-15,,-2.999248384536087,6
,1.394731658304744e-15,,-2.999248384536087,6
,1.394731658304744e-15,-8.23404322539527,-2.999248384536087,6
,1.394731658304744e-15,-8.25046638107073,-2.999248384536087,6
,1.394731658304744e-15,-8.274309111359706,-2.999248384536087,6
,1.394731658304744e-15,-8.434537443616664,-2.999248384536087,6
-3.2938450671761452,1.394731658304744e-15,-5.494165729876587,-2.999248384536087,6
,1.394731658304744e-15,,-2.999248384536087,6
,1.394731658304744e-15,-7.824513905170507,-2.999248384536087,6
,1.394731658304744e-15,-8.263233183630598,-2.999248384536087,6
,1.394731658304744e-15,-8.17665062665954,-2.999248384536087,6
,1.394731658304744e-15,-6.743454268579792,-2.999248384536087,6
,1.394731658304744e-15,,-2.999248384536087,6
,1.394731658304744e-15,-7.684776902061364,-2.999248384536087,6
,1.394731658304744e-15,-7.822281654070174,-2.999248384536087,6
-3.0119520660529666,1.394731658304744e-15,-6.501231985020687,-2.999248384536087,6
,1.394731658304744e-15,,-2.999248384536087,6
,1.394731658304744e-15,-8.213837238008379,-2.999248384536087,6
-0.9643629085061904,1.394731658304744e-15,-6.408123450931293,-2.999248384536087,6
,1.394731658304744e-15,,-2.999248384536087,6
-0.5923402534623238,1.394731658304744e-15,-6.433202114434467,-2.999248384536087,6
,1.394731658304744e-15,,-2.999248384536087,6
,1.394731658304744e-15,,-2.999248384536087,6
-2.553748731380759,1.394731658304744e-15,-5.039458608727261,-2.999248384536087,6
,1.394731658304744e-15,-5.752709174397883,-2.999248384536087,6
-2.2806836386383797e-07,1.394731658304744e-15,-5.74833253513732,-2.999248384536087,6
,1.394731658304744e-15,-7.954860617827214,-2.999248384536087,6
,1.394731658304744e-15,,-2.999248384536087,6
-3.5128752449035243,1.394731658304744e-15,-4.195272637147684,-2.999248384536087,6
-2.5537487313807734,1.394731658304744e-15,-5.0394586087272835,-2.999248384536087,6
,1.394731658304744e-15,-8.461346582266586,-2.999248384536087,6
,1.394731658304744e-15,,-2.999248384536087,6
,1.394731658304744e-15,-5.752709174397845,-2.999248384536087,6
,1.394731658304744e-15,-7.317555124493429,-2.999248384536087,6
,1.394731658304744e-15,,-2.999248384536087,6
,1.394731658304744e-15,-7.954860617827197,-2.999248384536087,6
,1.394731658304744e-15,,-2.999248384536087,6
,1.394731658304744e-15,,-2.999248384536087,6
,1.394731658304744e-15,-3.758313803622443,-2.999248384536087,6
,1.394731658304744e-15,-4.062736938269648,-2.999248384536087,6
,1.394731658304744e-15,-8.132207418999004,-2.999248384536087,6
,1.394731658304744e-15,,-2.999248384536087,6
,1.394731658304744e-15,-5.263246699923456,-2.999248384536087,6
,1.394731658304744e-15,-7.755496577807602,-2.999248384536087,6
,1.394731658304744e-15,,-2.999248384536087,6
,1.394731658304744e-15,-8.083811065755887,-2.999248384536087,6
,1.394731658304744e-15,,-2.999248384536087,6
,1.394731658304744e-15,,-2.999248384536087,6
-2.4956547005964156,1.394731658304744e-15,-3.506901910540482,-2.999248384536087,6
,1.394731658304744e-15,-8.349876051437457,-2.999248384536087,6
,1.394731658304744e-15,,-2.999248384536087,6
,1.394731658304744e-15,-8.074315323153607,-2.999248384536087,6
,1.394731658304744e-15,,-2.999248384536087,6
,1.394731658304744e-15,,-2.999248384536087,6
,1.394731658304744e-15,-7.2351990284908565,-2.999248384536087,6
,1.394731658304744e-15,,-2.999248384536087,6
,1.394731658304744e-15,,-2.999248384536087,6
,1.394731658304744e-15,,-2.999248384536087,6
,1.394731658304744e-15,-5.465264280258129,-2.999248384536087,6
-0.6668519471269172,1.394731658304744e-15,-4.634642800414091,-2.999248384536087,6
,1.394731658304744e-15,-6.066891083194711,-2.999248384536087,6
,1.394731658304744e-15,-5.429088850395731,-2.999248384536087,6
-4.6745814623849595,1.394731658304744e-15,-8.630686331131576,-2.999248384536087,6
,1.394731658304744e-15,,-2.999248384536087,6
,1.394731658304744e-15,-5.216798406715589,-2.999248384536087,6
,1.394731658304744e-15,-4.919590304946287,-2.999248384536087,6
-2.836521291177083e-07,1.394731658304744e-15,-4.112550052750543,-2.999248384536087,6
-6.341514198383315,1.394731658304744e-15,-7.313371622345767,-2.999248384536087,6
,1.394731658304744e-15,,-2.999248384536087,6
,1.394731658304744e-15,-4.195272637147673,-2.999248384536087,6
,1.394731658304744e-15,-5.216798406715594,-2.999248384536087,6
-4.700470806858209,1.394731658304744e-15,-8.5250564245728,-2.999248384536087,6
,1.394731658304744e-15,,-2.999248384536087,6
,1.394731658304744e-15,-4.919590304946267,-2.999248384536087,6
-6.45690496165745,1.394731658304744e-15,-7.317555124493451,-2.999248384536087,6
,1.394731658304744e-15,,-2.999248384536087,6
-6.341514198383308,1.394731658304744e-15,-7.313371622345792,-2.999248384536087,6
,1.394731658304744e-15,,-2.999248384536087,6
,1.394731658304744e-15,,-2.999248384536087,6
,1.394731658304744e-15,-7.822281654070282,-2.999248384536087,6
,1.394731658304744e-15,-8.213837238008386,-2.999248384536087,6
,1.394731658304744e-15,-8.176650626659539,-2.999248384536087,6
-0.5923402534623478,1.394731658304744e-15,-6.433202114434466,-2.999248384536087,6
,1.394731658304744e-15,,-2.999248384536087,6
,1.394731658304744e-15,-7.684776902061384,-2.999248384536087,6
,1.394731658304744e-15,-7.8245139051704955,-2.999248384536087,6
-3.0119520660529613,1.394731658304744e-15,-6.501231985020698,-2.999248384536087,6
,1.394731658304744e-15,,-2.999248384536087,6
,1.394731658304744e-15,-8.263233183630625,-2.999248384536087,6
-0.9643629085062697,1.394731658304744e-15,-6.408123450931287,-2.999248384536087,6
,1.394731658304744e-15,,-2.999248384536087,6
,1.394731658304744e-15,-6.743454268579806,-2.999248384536087,6
,1.394731658304744e-15,,-2.999248384536087,6
,1.394731658304744e-15,,-2.999248384536087,6
,1.394731658304744e-15,-6.932569038221851,-2.999248384536087,6
,1.394731658304744e-15,-7.488688568242705,-2.999248384536087,6
-0.8595916521639919,1.394731658304744e-15,-6.369626754693862,-2.999248384536087,6
,1.394731658304744e-15,,-2.999248384536087,6
,1.394731658304744e-15,-7.173868128369147,-2.999248384536087,6
-3.0154808903390595,1.394731658304744e-15,-5.17488819937655,-2.999248384536087,6
,1.394731658304744e-15,,-2.999248384536087,6
-0.41863933648549556,1.394731658304744e-15,-5.645996343612214,-2.999248384536087,6
,1.394731658304744e-15,,-2.999248384536087,6
,1.394731658304744e-15,,-2.999248384536087,6
,1.394731658304744e-15,-7.597278410367467,-2.999248384536087,6
-0.8197916883592588,1.394731658304744e-15,-6.45049206165538,-2.999248384536087,6
,1.394731658304744e-15,,-2.999248384536087,6
,1.394731658304744e-15,-6.72705646625742,-2.999248384536087,6
,1.394731658304744e-15,,-2.999248384536087,6
,1.394731658304744e-15,,-2.999248384536087,6
-0.6960110981543951,1.394731658304744e-15,-5.665022440415078,-2.999248384536087,6
,1.394731658304744e-15,,-2.999248384536087,6
,1.394731658304744e-15,,-2.999248384536087,6
,1.394731658304744e-15,,-2.999248384536087,6
,1.394731658304744e-15,-7.680885833779372,-2.999248384536087,6
,1.394731658304744e-15,-7.978304054237556,-2.999248384536087,6
,1.394731658304744e-15,-7.186503024644944,-2.999248384536087,6
-1.7256494264712514,1.394731658304744e-15,-5.341731223291891,-2.999248384536087,6
,1.394731658304744e-15,,-2.999248384536087,6
,1.394731658304744e-15,-7.641095445007149,-2.999248384536087,6
,1.394731658304744e-15,-7.1831833772745455,-2.999248384536087,6
-3.340240533297256,1.394731658304744e-15,-5.455638741257854,-2.999248384536087,6
,1.394731658304744e-15,,-2.999248384536087,6
,1.394731658304744e-15,-7.691388571732149,-2.999248384536087,6
,1.394731658304744e-15,-6.02632088559133,-2.999248384536087,6
,1.394731658304744e-15,,-2.999248384536087,6
,1.394731658304744e-15,-6.016568848080412,-2.999248384536087,6
,1.394731658304744e-15,,-2.999248384536087,6
,1.394731658304744e-15,,-2.999248384536087,6
,1.394731658304744e-15,-7.597278410367465,-2.999248384536087,6
,1.394731658304744e-15,-7.48868856824271,-2.999248384536087,6
,1.394731658304744e-15,-6.727056466257359,-2.999248384536087,6
,1.394731658304744e-15,,-2.999248384536087,6
,1.394731658304744e-15,-7.1738681283691506,-2.999248384536087,6
-0.696011098154346,1.394731658304744e-15,-5.66502244041508,-2.999248384536087,6
,1.394731658304744e-15,,-2.999248384536087,6
-0.4186393364853747,1.394731658304744e-15,-5.645996343612199,-2.999248384536087,6
,1.394731658304744e-15,,-2.999248384536087,6
,1.394731658304744e-15,,-2.999248384536087,6
,1.394731658304744e-15,-6.9325690382218506,-2.999248384536087,6
-0.8197916883591699,1.394731658304744e-15,-6.450492061655375,-2.999248384536087,6
,1.394731658304744e-15,,-2.999248384536087,6
-0.8595916521639165,1.394731658304744e-15,-6.369626754693854,-2.999248384536087,6
,1.394731658304744e-15,,-2.999248384536087,6
,1.394731658304744e-15,,-2.999248384536087,6
-3.0154808903390524,1.394731658304744e-15,-5.174888199376519,-2.999248384536087,6
,1.394731658304744e-15,,-2.999248384536087,6
,1.394731658304744e-15,,-2.999248384536087,6
,1.394731658304744e-15,,-2.999248384536087,6
-2.4956547005963676,1.394731658304744e-15,-3.506901910540465,-2.999248384536087,6
,1.394731658304744e-15,-4.062736938269659,-2.999248384536087,6
,1.394731658304744e-15,-8.07431532315361,-2.999248384536087,6
,1.394731658304744e-15,,-2.999248384536087,6
,1.394731658304744e-15,-5.263246699923466,-2.999248384536087,6
,1.394731658304744e-15,-7.235199028490838,-2.999248384536087,6
,1.394731658304744e-15,,-2.999248384536087,6
,1.394731658304744e-15,-8.083811065755876,-2.999248384536087,6
,1.394731658304744e-15,,-2.999248384536087,6
,1.394731658304744e-15,,-2.999248384536087,6
,1.394731658304744e-15,-3.7583138036226846,-2.999248384536087,6
,1.394731658304744e-15,-8.349876051437366,-2.999248384536087,6
,1.394731658304744e-15,,-2.999248384536087,6
,1.394731658304744e-15,-8.13220741899898,-2.999248384536087,6
,1.394731658304744e-15,,-2.999248384536087,6
,1.394731658304744e-15,,-2.999248384536087,6
,1.394731658304744e-15,-7.755496577807596,-2.999248384536087,6
,1.394731658304744e-15,,-2.999248384536087,6
,1.394731658304744e-15,,-2.999248384536087,6
,1.394731658304744e-15,,-2.999248384536087,6
,1.394731658304744e-15,-4.195272637147717,-2.999248384536087,6
,1.394731658304744e-15,-8.626355720243732,-2.999248384536087,6
,1.394731658304744e-15,,-2.999248384536087,6
,1.394731658304744e-15,-8.434863691844708,-2.999248384536087,6
,1.394731658304744e-15,,-2.999248384536087,6
,1.394731658304744e-15,,-2.999248384536087,6
,1.394731658304744e-15,-7.317555124493458,-2.999248384536087,6
,1.394731658304744e-15,,-2.999248384536087,6
,1.394731658304744e-15,,-2.999248384536087,6
,1.394731658304744e-15,,-2.999248384536087,6
,1.394731658304744e-15,-8.62635572024373,-2.999248384536087,6
,1.394731658304744e-15,,-2.999248384536087,6
,1.394731658304744e-15,,-2.999248384536087,6
,1.394731658304744e-15,,-2.999248384536087,6
,1.394731658304744e-15,,-2.999248384536087,6
,1.394731658304744e-15,-5.281186708475398,-2.999248384536087,7
,1.394731658304744e-15,-8.030164678286413,-2.999248384536087,7
,1.394731658304744e-15,-7.4067026524285025,-2.999248384536087,7
,1.394731658304744e-15,-7.673894016420136,-2.999248384536087,7
,1.394731658304744e-15,-8.135406876645495,-2.999248384536087,7
,1.394731658304744e-15,-7.70893996119211,-2.999248384536087,7
,1.394731658304744e-15,-6.043668640238457,-2.999248384536087,7
,1.394731658304744e-15,,-2.999248384536087,7
,1.394731658304744e-15,-8.030164678286367,-2.999248384536087,7
,1.394731658304744e-15,-7.877517426853983,-2.999248384536087,7
,1.394731658304744e-15,-7.61654688658602,-2.999248384536087,7
,1.394731658304744e-15,-7.932122330811844,-2.999248384536087,7
,1.394731658304744e-15,-7.887480866806208,-2.999248384536087,7
-0.7874426720020078,1.394731658304744e-15,-6.213152186710888,-2.999248384536087,7
,1.394731658304744e-15,,-2.999248384536087,7
,1.394731658304744e-15,-5.278589377027762,-2.999248384536087,7
-1.832066528761843,1.394731658304744e-15,-5.23888704783754,-2.999248384536087,7
,1.394731658304744e-15,-5.185813607739954,-2.999248384536087,7
,1.394731658304744e-15,-5.2785893770277355,-2.999248384536087,7
,1.394731658304744e-15,-7.961924264899789,-2.999248384536087,7
,1.394731658304744e-15,,-2.999248384536087,7
,1.394731658304744e-15,-3.3979840476672685,-2.999248384536087,7
,1.394731658304744e-15,-5.877433604422901,-2.999248384536087,7
,1.394731658304744e-15,-4.830728347319928,-2.999248384536087,7
,1.394731658304744e-15,-8.31750628831521,-2.999248384536087,7
,1.394731658304744e-15,,-2.999248384536087,7
-2.1564103048137326,1.394731658304744e-15,-3.5017305088144806,-2.999248384536087,7
-0.8288844163029654,1.394731658304744e-15,-4.082993109442739,-2.999248384536087,7
,1.394731658304744e-15,-7.911330283611056,-2.999248384536087,7
,1.394731658304744e-15,,-2.999248384536087,7
,1.394731658304744e-15,-5.546048173512348,-2.999248384536087,7
,1.394731658304744e-15,-7.515709993450616,-2.999248384536087,7
,1.394731658304744e-15,,-2.999248384536087,7
,1.394731658304744e-15,-7.85652574044253,-2.999248384536087,7
,1.394731658304744e-15,,-2.999248384536087,7
,1.394731658304744e-15,,-2.999248384536087,7
,1.394731658304744e-15,-5.28118670847541,-2.999248384536087,7
,1.394731658304744e-15,-4.080446807615226,-2.999248384536087,7
,1.394731658304744e-15,-5.238887047837545,-2.999248384536087,7
,1.394731658304744e-15,-4.712215960999432,-2.999248384536087,7
,1.394731658304744e-15,-4.080446807615222,-2.999248384536087,7
-5.879254938026248,1.394731658304744e-15,-7.805609084994352,-2.999248384536087,7
,1.394731658304744e-15,,-2.999248384536087,7
,1.394731658304744e-15,-7.887480866806207,-2.999248384536087,7
,1.394731658304744e-15,-7.616546886585974,-2.999248384536087,7
,1.394731658304744e-15,-7.932122330811842,-2.999248384536087,7
,1.394731658304744e-15,-7.877517426853987,-2.999248384536087,7
-0.787442672002001,1.394731658304744e-15,-6.213152186710892,-2.999248384536087,7
,1.394731658304744e-15,,-2.999248384536087,7
,1.394731658304744e-15,-7.268193772119528,-2.999248384536087,7
,1.394731658304744e-15,-7.140569055073578,-2.999248384536087,7
,1.394731658304744e-15,-7.171164287842522,-2.999248384536087,7
-2.8167731404031073,1.394731658304744e-15,-5.128504422569168,-2.999248384536087,7
,1.394731658304744e-15,,-2.999248384536087,7
,1.394731658304744e-15,-7.378951570454655,-2.999248384536087,7
,1.394731658304744e-15,-7.876593436218096,-2.999248384536087,7
-0.8706707037298282,1.394731658304744e-15,-6.191423403330899,-2.999248384536087,7
,1.394731658304744e-15,,-2.999248384536087,7
,1.394731658304744e-15,-7.648271137659812,-2.999248384536087,7
-2.885055165967924,1.394731658304744e-15,-5.144400914696003,-2.999248384536087,7
,1.394731658304744e-15,,-2.999248384536087,7
-1.0285167155362591,1.394731658304744e-15,-5.386865927876967,-2.999248384536087,7
,1.394731658304744e-15,,-2.999248384536087,7
,1.394731658304744e-15,,-2.999248384536087,7
,1.394731658304744e-15,-7.7089399611920815,-2.999248384536087,7
,1.394731658304744e-15,-7.673894016420102,-2.999248384536087,7
,1.394731658304744e-15,-8.135406876645487,-2.999248384536087,7
,1.394731658304744e-15,-7.406702652428457,-2.999248384536087,7
,1.394731658304744e-15,-6.043668640238456,-2.999248384536087,7
,1.394731658304744e-15,,-2.999248384536087,7
,1.394731658304744e-15,-7.876593436218096,-2.999248384536087,7
,1.394731658304744e-15,-7.64827113765984,-2.999248384536087,7
,1.394731658304744e-15,-7.171164287842511,-2.999248384536087,7
-1.028516715536277,1.394731658304744e-15,-5.38686592787693,-2.999248384536087,7
,1.394731658304744e-15,,-2.999248384536087,7
,1.394731658304744e-15,-7.378951570454662,-2.999248384536087,7
,1.394731658304744e-15,-7.2681937721195595,-2.999248384536087,7
-0.8706707037297915,1.394731658304744e-15,-6.191423403330868,-2.999248384536087,7
,1.394731658304744e-15,,-2.999248384536087,7
,1.394731658304744e-15,-7.140569055073588,-2.999248384536087,7
-2.885055165967907,1.394731658304744e-15,-5.144400914696027,-2.999248384536087,7
,1.394731658304744e-15,,-2.999248384536087,7
-2.816773140403088,1.394731658304744e-15,-5.128504422569181,-2.999248384536087,7
,1.394731658304744e-15,,-2.999248384536087,7
,1.394731658304744e-15,,-2.999248384536087,7
-0.8288844163029997,1.394731658304744e-15,-4.08299310944273,-2.999248384536087,7
,1.394731658304744e-15,-5.546048173512356,-2.999248384536087,7
,1.394731658304744e-15,-4.830728347319935,-2.999248384536087,7
,1.394731658304744e-15,-7.8565257404425335,-2.999248384536087,7
,1.394731658304744e-15,,-2.999248384536087,7
-2.156410304813704,1.394731658304744e-15,-3.501730508814496,-2.999248384536087,7
,1.394731658304744e-15,-3.397984047667272,-2.999248384536087,7
,1.394731658304744e-15,-7.911330283611103,-2.999248384536087,7
,1.394731658304744e-15,,-2.999248384536087,7
,1.394731658304744e-15,-5.877433604422873,-2.999248384536087,7
,1.394731658304744e-15,-7.515709993450628,-2.999248384536087,7
,1.394731658304744e-15,,-2.999248384536087,7
,1.394731658304744e-15,-8.31750628831516,-2.999248384536087,7
,1.394731658304744e-15,,-2.999248384536087,7
,1.394731658304744e-15,,-2.999248384536087,7
,1.394731658304744e-15,-4.193675855385226,-2.999248384536087,7
,1.394731658304744e-15,-5.23888704783763,-2.999248384536087,7
,1.394731658304744e-15,-8.03798349337581,-2.999248384536087,7
,1.394731658304744e-15,,-2.999248384536087,7
,1.394731658304744e-15,-1.7777333594983336,-2.999248384536087,7
,1.394731658304744e-15,-7.317015455365451,-2.999248384536087,7
,1.394731658304744e-15,,-2.999248384536087,7
,1.394731658304744e-15,-7.961924264899787,-2.999248384536087,7
,1.394731658304744e-15,,-2.999248384536087,7
,1.394731658304744e-15,,-2.999248384536087,7
,1.394731658304744e-15,-4.193675855385318,-2.999248384536087,7
,1.394731658304744e-15,-8.241624071130476,-2.999248384536087,7
,1.394731658304744e-15,,-2.999248384536087,7
,1.394731658304744e-15,-8.03798349337581,-2.999248384536087,7
,1.394731658304744e-15,,-2.999248384536087,7
,1.394731658304744e-15,,-2.999248384536087,7
,1.394731658304744e-15,-7.317015455365432,-2.999248384536087,7
,1.394731658304744e-15,,-2.999248384536087,7
,1.394731658304744e-15,,-2.999248384536087,7
,1.394731658304744e-15,,-2.999248384536087,7
,1.394731658304744e-15,-7.889735582214761,-2.999248384536087,8
,1.394731658304744e-15,-7.5148329774210865,-2.999248384536087,8
-4.2413102243925146e-07,1.394731658304744e-15,-4.564547817725469,-2.999248384536087,8
,1.394731658304744e-15,-5.33512019700155,-2.999248384536087,8
-1.5777704835477442,1.394731658304744e-15,-3.410725332853833,-2.999248384536087,8
,1.394731658304744e-15,-6.109331682679465,-2.999248384536087,8
,1.394731658304744e-15,-5.079308244198366,-2.999248384536087,8
,1.394731658304744e-15,-8.11136618422303,-2.999248384536087,8
,1.394731658304744e-15,,-2.999248384536087,8
-1.7362997715150147e-07,1.394731658304744e-15,-3.7975951614122416,-2.999248384536087,8
,1.394731658304744e-15,-7.5148329774210865,-2.999248384536087,8
,1.394731658304744e-15,-7.132013528909014,-2.999248384536087,8
,1.394731658304744e-15,-7.680756333493642,-2.999248384536087,8
,1.394731658304744e-15,-7.572043986408913,-2.999248384536087,8
,1.394731658304744e-15,-7.644404278086031,-2.999248384536087,8
-3.0079174655198493,1.394731658304744e-15,-4.805908907068337,-2.999248384536087,8
,1.394731658304744e-15,,-2.999248384536087,8
,1.394731658304744e-15,-7.88973558221477,-2.999248384536087,8
,1.394731658304744e-15,-7.6444042780860055,-2.999248384536087,8
,1.394731658304744e-15,-7.680756333493642,-2.999248384536087,8
,1.394731658304744e-15,-7.572043986408912,-2.999248384536087,8
,1.394731658304744e-15,-7.132013528909025,-2.999248384536087,8
-3.0079174655198555,1.394731658304744e-15,-4.80590890706834,-2.999248384536087,8
,1.394731658304744e-15,,-2.999248384536087,8
,1.394731658304744e-15,-5.079308244198367,-2.999248384536087,8
-1.5777704835477182,1.394731658304744e-15,-3.4107253328538394,-2.999248384536087,8
,1.394731658304744e-15,-6.109331682679517,-2.999248384536087,8
,1.394731658304744e-15,-5.335120197001566,-2.999248384536087,8
,1.394731658304744e-15,-8.111366184223014,-2.999248384536087,8
,1.394731658304744e-15,,-2.999248384536087,8
,1.394731658304744e-15,-5.194024493366756,-2.999248384536087,8
,1.394731658304744e-15,-3.0728337697446086,-2.999248384536087,8
,1.394731658304744e-15,-4.3503452575657195e-07,-2.999248384536087,8
,1.394731658304744e-15,-7.951078185772435,-2.999248384536087,8
,1.394731658304744e-15,,-2.999248384536087,8
,1.394731658304744e-15,-4.195272637147695,-2.999248384536087,8
,1.394731658304744e-15,-5.194024493366783,-2.999248384536087,8
,1.394731658304744e-15,-7.629253941030837,-2.999248384536087,8
,1.394731658304744e-15,,-2.999248384536087,8
,1.394731658304744e-15,-3.0728337697446526,-2.999248384536087,8
,1.394731658304744e-15,-7.317555124493448,-2.999248384536087,8
,1.394731658304744e-15,,-2.999248384536087,8
,1.394731658304744e-15,-7.951078185772446,-2.999248384536087,8
,1.394731658304744e-15,,-2.999248384536087,8
,1.394731658304744e-15,,-2.999248384536087,8
